{
    "deel-1": [
        [53.2031964457102,6.562496677629649],
        [53.20328646378997,6.562893696756103],
        [53.20336201453242,6.562960760797743],
        [53.2046477061468,6.5626442157000495],
        [53.20739805133608,6.561177015277694],
        [53.207610215704975,6.562282230683808],
        [53.20886972565322,6.561555190174212],
        [53.20929243152865,6.561359363172637],
        [53.20974406323635,6.561265473514348],
        [53.21036766075917,6.561265473514348],
        [53.210729278876435,6.561289616569344],
        [53.21081124522539,6.564063385331342],
        [53.21111176265477,6.564073845095076],
        [53.211314265659574,6.564232116233352]
    ],
    "deel-2": [
        [53.211314265659574,6.564232116233352],
        [53.21157443065758,6.5658384561538705],
        [53.21266728085988,6.565731167793275],
        [53.21356082589894,6.5656131505966195],
        [53.21431293209809,6.565505862236024],
        [53.21456684531224,6.56535029411316],
        [53.21454434673377,6.565779447555543],
        [53.21457648755651,6.566176414489746],
        [53.21496860365249,6.5677374601364145],
        [53.21519680071193,6.568724513053894],
        [53.21583638880886,6.568268537521362],
        [53.216585241128286,6.5677374601364145],
        [53.21732765260803,6.567174196243287],
        [53.21803791301918,6.566557288169862]  
    ],
    "deel-3": [
        [53.21803791301918,6.566557288169862],  
        [53.218574102438296,6.567742824554444],
        [53.21920400435083,6.568129062652589]
    ],
    "deel-4": [
        [53.21920400435083,6.568129062652589],
        [53.21946661157657,6.567914485931397],
        [53.2195919473286,6.568214893341065],
        [53.21962087091159,6.568322181701661],
        [53.21986190001039,6.568831801414491],
        [53.220093286669176,6.569142937660217],
        [53.22020576584347,6.569153666496278],
        [53.220408227612815,6.569185853004456],
        [53.22067174784739,6.569212675094605],
        [53.220861352866834,6.569470167160034],
        [53.22138195894285,6.569920778274537],
        [53.22163583244996,6.5691590309143075],
        [53.22134660934782,6.568912267684937]
    ],
    "deel-5": [
        [53.22134660934782,6.568912267684937],
        [53.22151272546539,6.568402647972108],
        [53.22144845364895,6.568300724029542],
        [53.22147737597827,6.568171977996827],
        [53.221888713659,6.56833827495575],
        [53.22214901124412,6.567056179046632],
        [53.22189514077892,6.565468311309815],
        [53.22115280205108,6.562920212745667],
        [53.220182279199555,6.563719511032105],
        [53.21979663487505,6.564052104949952],
        [53.21939813209195,6.564443707466126],
        [53.21915710038339,6.56361222267151],
        [53.21907827994165,6.563250507635986], 
        [53.21923575443462,6.563121761603271]
    ],
    "deel-6": [
        [53.21907827994165,6.563250507635986], 
        [53.218845731334795,6.562353117160456],
        [53.21902570311373,6.562138540439265],
        [53.21994804661232,6.561484081439631],
        [53.21907712348311,6.5587535926624705],
        [53.218681827806755,6.557610971622126],
        [53.21896142756521,6.55723546236004],
        [53.21903855821186,6.5570316144749095],
        [53.219057840851825,6.556688291721003],
        [53.21899677912882,6.555980188541072],
        [53.219404926886796,6.555851442508357],
        [53.21980021588989,6.55576561181988],
        [53.22036261265565,6.555717332057612],
        [53.221056432826444,6.555313467979431],
        [53.221743781286456,6.555286645889283],
        [53.22252788545066,6.555066704750062],
        [53.22278496565824,6.555088162422181],
        [53.22323163884894,6.555227637290955],
        [53.223305548352144,6.55560851097107],
        [53.22340195186031,6.555715799331666],
        [53.22394180749564,6.555946469306946],
        [53.22404463636887,6.555946469306946],
        [53.224141038213304,6.555780172348023],
        [53.2241988792158,6.555635333061219],
        [53.22448808305646,6.555812358856202] 
    ]
}