{
    "deel-1": [
        [53.2031964457102,6.562496677629649],
        [53.20328646378997,6.562893696756103],
        [53.20336201453242,6.562960760797743],
        [53.2046477061468,6.5626442157000495],
        [53.20739805133608,6.561177015277694],
        [53.207610215704975,6.562282230683808],
        [53.20886972565322,6.561555190174212],
        [53.20929243152865,6.561359363172637],
        [53.20974406323635,6.561265473514348],
        [53.21036766075917,6.561265473514348],
        [53.210729278876435,6.561289616569344],
        [53.21081124522539,6.564063385331342],
        [53.21111176265477,6.564073845095076],
        [53.211314265659574,6.564232116233352]
    ],
    "deel-2": [
        [53.211314265659574,6.564232116233352],
        [53.21157443065758,6.5658384561538705],
        [53.21266728085988,6.565731167793275],
        [53.21356082589894,6.5656131505966195],
        [53.21431293209809,6.565505862236024],
        [53.21456684531224,6.56535029411316],
        [53.21454434673377,6.565779447555543],
        [53.21457648755651,6.566176414489746],
        [53.21496860365249,6.5677374601364145],
        [53.21519680071193,6.568724513053894],
        [53.21583638880886,6.568268537521362],
        [53.216585241128286,6.5677374601364145],
        [53.21732765260803,6.567174196243287],
        [53.21803791301918,6.566557288169862]  
    ],
    "deel-3": [
        [53.21803791301918,6.566557288169862],  
        [53.218574102438296,6.567742824554444],
        [53.21920400435083,6.568129062652589]
    ],
    "deel-4": [
        [53.21920400435083,6.568129062652589],
        [53.21946661157657,6.567914485931397],
        [53.2195919473286,6.568214893341065],
        [53.21962087091159,6.568322181701661],
        [53.21986190001039,6.568831801414491],
        [53.220093286669176,6.569142937660217],
        [53.22020576584347,6.569153666496278],
        [53.220408227612815,6.569185853004456],
        [53.22067174784739,6.569212675094605],
        [53.220861352866834,6.569470167160034],
        [53.22138195894285,6.569920778274537],
        [53.22163583244996,6.5691590309143075],
        [53.22134660934782,6.568912267684937],
        [53.22134660934782,6.568912267684937]
    ]
}